<?xml version="1.0" encoding="UTF-8"?><idempiere Name="C_CountryGroup" Version="1.0.0" idempiereVersion="10.0.0.qualifier" DataBaseVersion="2021-12-24" Description="" Author="Victor Suarez" AuthorEmail="victor.suarez@kipactive.com" CreatedDate="Wed Nov 23 10:35:32 VET 2022" UpdatedDate="Wed Nov 23 10:35:32 VET 2022" PackOutVersion="100" UpdateDictionary="true" Client="0-SYSTEM-System" AD_Client_UU="11237b53-9592-4af1-b3c5-afd216514b5d">
    <C_CountryGroup type="table">
        <AD_Client_ID>0</AD_Client_ID>
        <AD_Org_ID>0</AD_Org_ID>
        <DateTo/>
        <DateFrom/>
        <AD_Org_ID reference="id">0</AD_Org_ID>
        <Description/>
        <Help/>
        <IsActive>Y</IsActive>
        <C_CountryGroup_UU>2283f83c-162a-4564-aec4-83d1c4da8204</C_CountryGroup_UU>
        <Name>North American Free Trade Agreement</Name>
        <Value>NAFTA</Value>
        <C_CountryGroup_Trl type="translation">
            <Description/>
            <Name>Tratado de Libre Comercio de América del Norte</Name>
            <AD_Language>es_MX</AD_Language>
            <IsActive>Y</IsActive>
            <IsTranslated>Y</IsTranslated>
        </C_CountryGroup_Trl>
        <C_CountryGroupCountry type="table">
            <AD_Client_ID>0</AD_Client_ID>
            <AD_Org_ID>0</AD_Org_ID>
            <AD_Org_ID reference="id">0</AD_Org_ID>
            <IsActive>Y</IsActive>
            <C_CountryGroupCountry_UU>8fb5bb3b-410c-4cc6-bd97-9bc69a03d0c2</C_CountryGroupCountry_UU>
            <C_Country_ID reference="id">100</C_Country_ID>
            <C_CountryGroup_ID reference="uuid" reference-key="C_CountryGroup">2283f83c-162a-4564-aec4-83d1c4da8204</C_CountryGroup_ID>
            <DateFrom/>
            <DateTo/>
        </C_CountryGroupCountry>
        <C_CountryGroupCountry type="table">
            <AD_Client_ID>0</AD_Client_ID>
            <AD_Org_ID>0</AD_Org_ID>
            <AD_Org_ID reference="id">0</AD_Org_ID>
            <IsActive>Y</IsActive>
            <C_CountryGroupCountry_UU>682b5efb-4433-4289-8857-5850db3b8911</C_CountryGroupCountry_UU>
            <C_Country_ID reference="id">109</C_Country_ID>
            <C_CountryGroup_ID reference="uuid" reference-key="C_CountryGroup">2283f83c-162a-4564-aec4-83d1c4da8204</C_CountryGroup_ID>
            <DateFrom/>
            <DateTo/>
        </C_CountryGroupCountry>
        <C_CountryGroupCountry type="table">
            <AD_Client_ID>0</AD_Client_ID>
            <AD_Org_ID>0</AD_Org_ID>
            <AD_Org_ID reference="id">0</AD_Org_ID>
            <IsActive>Y</IsActive>
            <C_CountryGroupCountry_UU>da7f058b-a3e1-49b8-a224-7c9eaf433baa</C_CountryGroupCountry_UU>
            <C_Country_ID reference="id">247</C_Country_ID>
            <C_CountryGroup_ID reference="uuid" reference-key="C_CountryGroup">2283f83c-162a-4564-aec4-83d1c4da8204</C_CountryGroup_ID>
            <DateFrom/>
            <DateTo/>
        </C_CountryGroupCountry>
    </C_CountryGroup>
</idempiere>
