<?xml version="1.0" encoding="UTF-8"?><idempiere Name="C_Country" Version="1.0.0" idempiereVersion="10.0.0.qualifier" DataBaseVersion="2022-12-24" Description="" Author="Victor Suarez" AuthorEmail="victor.suarez@kipactive.com" CreatedDate="Tue Apr 25 10:13:12 VET 2023" UpdatedDate="Tue Apr 25 10:13:12 VET 2023" PackOutVersion="100" UpdateDictionary="true" Client="0-SYSTEM-System" AD_Client_UU="11237b53-9592-4af1-b3c5-afd216514b5d">
    <C_Country type="table">
        <AD_Client_ID>0</AD_Client_ID>
        <AD_Org_ID>0</AD_Org_ID>
        <C_Country_ID>247</C_Country_ID>
        <AD_Org_ID reference="id">0</AD_Org_ID>
        <IsActive>Y</IsActive>
        <Name>Mexico</Name>
        <Description>the United Mexican States</Description>
        <CountryCode>MX</CountryCode>
        <HasRegion>Y</HasRegion>
        <RegionName>State</RegionName>
        <DisplaySequence>@C@, @R@, @P@</DisplaySequence>
        <ExpressionPhone/>
        <ExpressionPostal>[0-9]{5}</ExpressionPostal>
        <HasPostal_Add>N</HasPostal_Add>
        <ExpressionPostal_Add/>
        <C_Currency_ID reference="id">130</C_Currency_ID>
        <AD_Language>es_MX</AD_Language>
        <IsAddressLinesLocalReverse>N</IsAddressLinesLocalReverse>
        <DisplaySequenceLocal/>
        <IsAddressLinesReverse>N</IsAddressLinesReverse>
        <ExpressionBankAccountNo/>
        <ExpressionBankRoutingNo/>
        <MediaSize/>
        <IsPostcodeLookup>N</IsPostcodeLookup>
        <LookupClassName/>
        <LookupClientID/>
        <LookupUrl/>
        <LookupPassword/>
        <AllowCitiesOutOfList>Y</AllowCitiesOutOfList>
        <CaptureSequence>@CO@ @A1!@ @A2@ @A3@ @A4@  @R!@ @MU@ @SU@ @C@, @P@ , @FA@</CaptureSequence>
        <C_Country_UU>9f088706-1c26-4293-b45b-8f16d49eccad</C_Country_UU>
        <PlaceholderAddress1/>
        <PlaceholderAddress2/>
        <PlaceholderAddress3/>
        <PlaceholderAddress4/>
        <PlaceholderAddress5/>
        <PlaceholderCity/>
        <PlaceholderComments/>
        <PlaceholderPostal/>
        <PlaceholderPostal_Add/>
        <countrycode3>MEX</countrycode3>
        <HasCommunity>N</HasCommunity>
        <HasMunicipality>Y</HasMunicipality>
        <HasParish>N</HasParish>
        <IsCapitalize>N</IsCapitalize>
        <IsAutomaticPostalCode>Y</IsAutomaticPostalCode>
        <HasSuburb>Y</HasSuburb>
        <C_Country_Trl type="translation">
            <Description>México</Description>
            <Name>México</Name>
            <PlaceholderAddress1/>
            <PlaceholderAddress2/>
            <PlaceholderAddress3/>
            <PlaceholderAddress4/>
            <PlaceholderAddress5/>
            <PlaceholderCity/>
            <PlaceholderComments/>
            <PlaceholderPostal/>
            <PlaceholderPostal_Add/>
            <RegionName>Estado</RegionName>
            <AD_Language>es_CO</AD_Language>
            <IsActive>Y</IsActive>
            <IsTranslated>Y</IsTranslated>
        </C_Country_Trl>
        <C_Country_Trl type="translation">
            <Description>Estados Unidos de Mexico</Description>
            <Name>México</Name>
            <PlaceholderAddress1/>
            <PlaceholderAddress2/>
            <PlaceholderAddress3/>
            <PlaceholderAddress4/>
            <PlaceholderAddress5/>
            <PlaceholderCity/>
            <PlaceholderComments/>
            <PlaceholderPostal/>
            <PlaceholderPostal_Add/>
            <RegionName>Estado</RegionName>
            <AD_Language>es_MX</AD_Language>
            <IsActive>Y</IsActive>
            <IsTranslated>Y</IsTranslated>
        </C_Country_Trl>
        <C_Country_Trl type="translation">
            <Description>México</Description>
            <Name>México</Name>
            <PlaceholderAddress1/>
            <PlaceholderAddress2/>
            <PlaceholderAddress3/>
            <PlaceholderAddress4/>
            <PlaceholderAddress5/>
            <PlaceholderCity/>
            <PlaceholderComments/>
            <PlaceholderPostal/>
            <PlaceholderPostal_Add/>
            <RegionName>Estado</RegionName>
            <AD_Language>es_VE</AD_Language>
            <IsActive>Y</IsActive>
            <IsTranslated>Y</IsTranslated>
        </C_Country_Trl>
    </C_Country>
</idempiere>
