<?xml version="1.0" encoding="UTF-8"?><idempiere Name="AD_Message" Version="1.0.0" idempiereVersion="10.0.0.qualifier" DataBaseVersion="2021-12-24" Description="" Author="Victor Suarez" AuthorEmail="victor.suarez@kipactive.com" CreatedDate="Wed Nov 23 11:13:26 VET 2022" UpdatedDate="Wed Nov 23 11:13:26 VET 2022" PackOutVersion="100" UpdateDictionary="true" Client="0-SYSTEM-System" AD_Client_UU="11237b53-9592-4af1-b3c5-afd216514b5d">
    <AD_Message type="table">
        <AD_Client_ID>0</AD_Client_ID>
        <AD_Org_ID>0</AD_Org_ID>
        <MsgType>I</MsgType>
        <MsgText>Parish</MsgText>
        <MsgTip/>
        <AD_Org_ID reference="id">0</AD_Org_ID>
        <IsActive>Y</IsActive>
        <Value>Parish</Value>
        <EntityType>AMERP</EntityType>
        <AD_Message_UU>93f090c9-87d1-441e-9b74-0a33c655ea27</AD_Message_UU>
        <AD_Message_Trl type="translation">
            <MsgText>Parroquia</MsgText>
            <MsgTip/>
            <AD_Language>es_MX</AD_Language>
            <IsActive>Y</IsActive>
            <IsTranslated>Y</IsTranslated>
        </AD_Message_Trl>
    </AD_Message>

    <AD_Message type="table">
        <AD_Client_ID>0</AD_Client_ID>
        <AD_Org_ID>0</AD_Org_ID>
        <MsgType>I</MsgType>
        <MsgText>Suburb</MsgText>
        <MsgTip/>
        <AD_Org_ID reference="id">0</AD_Org_ID>
        <IsActive>Y</IsActive>
        <Value>Suburb</Value>
        <EntityType>KPI</EntityType>
        <AD_Message_UU>3644b30c-897e-413a-8786-7c271a83fac9</AD_Message_UU>
        <AD_Message_Trl type="translation">
            <MsgText>Colonia</MsgText>
            <MsgTip/>
            <AD_Language>es_MX</AD_Language>
            <IsActive>Y</IsActive>
            <IsTranslated>Y</IsTranslated>
        </AD_Message_Trl>
    </AD_Message>
</idempiere>
