<?xml version="1.0" encoding="UTF-8"?><idempiere Name="AD_ImportTemplate" Version="1.0.0" idempiereVersion="10.0.0.qualifier" DataBaseVersion="2021-12-24" Description="" Author="Victor Suarez" AuthorEmail="victor.suarez@kipactive.com" CreatedDate="Fri Nov 25 00:12:32 VET 2022" UpdatedDate="Fri Nov 25 00:12:32 VET 2022" PackOutVersion="100" UpdateDictionary="true" Client="0-SYSTEM-System" AD_Client_UU="11237b53-9592-4af1-b3c5-afd216514b5d">
    <AD_ImportTemplate type="table">
        <AD_Client_ID>0</AD_Client_ID>
        <AD_Org_ID>0</AD_Org_ID>
        <AD_Org_ID reference="id">0</AD_Org_ID>
        <AD_ImportTemplate_UU>7f7725e6-a5fd-454a-a9aa-85345f102316</AD_ImportTemplate_UU>
        <Description/>
        <IsActive>Y</IsActive>
        <Name>Colonias</Name>
        <AD_Window_ID reference="uuid" reference-key="AD_Window">6cc19b20-f150-4a3e-b155-11addac658dc</AD_Window_ID>
        <AD_Tab_ID reference="uuid" reference-key="AD_Tab">34d7d2c8-a516-4d56-8d2d-387c8aaa0052</AD_Tab_ID>
        <CharacterSet>UTF-8</CharacterSet>
        <CSVHeader>C_Municipality_ID[Name],Name,Postal,Description</CSVHeader>
        <CSVAliasHeader>Municipio,Nombre,Postal,Descripcion</CSVAliasHeader>
        <AD_ImportTemplateAccess type="table">
            <AD_Client_ID>0</AD_Client_ID>
            <AD_Org_ID>0</AD_Org_ID>
            <AD_Org_ID reference="id">0</AD_Org_ID>
            <AD_Role_ID reference="id">0</AD_Role_ID>
            <IsAllowInsert>Y</IsAllowInsert>
            <IsActive>Y</IsActive>
            <AD_ImportTemplateAccess_UU>249e133c-e8a0-461d-91be-f4d851707af1</AD_ImportTemplateAccess_UU>
            <AD_ImportTemplate_ID reference="uuid" reference-key="AD_ImportTemplate">7f7725e6-a5fd-454a-a9aa-85345f102316</AD_ImportTemplate_ID>
            <IsAllowMerge>Y</IsAllowMerge>
            <IsAllowUpdate>Y</IsAllowUpdate>
        </AD_ImportTemplateAccess>
    </AD_ImportTemplate>
</idempiere>
