<?xml version="1.0" encoding="UTF-8"?><idempiere Name="AD_Window_Trl" Version="1.0.0" idempiereVersion="8.2.0.202111171155" DataBaseVersion="2020-12-20" Description="" Author="SuperUser" AuthorEmail="" CreatedDate="Sat Jul 09 16:46:12 VET 2022" UpdatedDate="Sat Jul 09 16:46:12 VET 2022" PackOutVersion="100" UpdateDictionary="true" Client="0-SYSTEM-System" AD_Client_UU="11237b53-9592-4af1-b3c5-afd216514b5d">
    <AD_Window_Trl type="table">
        <AD_Client_ID>0</AD_Client_ID>
        <AD_Org_ID>0</AD_Org_ID>
        <AD_Window_ID reference="uuid" reference-key="AD_Window">6cc19b20-f150-4a3e-b155-11addac658dc</AD_Window_ID>
        <AD_Language>es_CO</AD_Language>
        <Description>País Comunidad Región Municipio Parroquia Ciudad</Description>
        <Help>País Comunidad Región Municipio Parroquia Ciudad</Help>
        <Name>País Comunidad Región Municipio Parroquia Ciudad</Name>
        <IsTranslated>Y</IsTranslated>
        <IsActive>Y</IsActive>
        <AD_Org_ID reference="id">0</AD_Org_ID>
        <AD_Window_Trl_UU>996e97bd-90aa-440a-a17b-ad3a61c5ca6e</AD_Window_Trl_UU>
    </AD_Window_Trl>
    <AD_Window_Trl type="table">
        <AD_Client_ID>0</AD_Client_ID>
        <AD_Org_ID>0</AD_Org_ID>
        <AD_Window_ID reference="uuid" reference-key="AD_Window">6cc19b20-f150-4a3e-b155-11addac658dc</AD_Window_ID>
        <AD_Language>es_VE</AD_Language>
        <Description>País Comunidad Región Municipio Parroquia Ciudad</Description>
        <Help>País Comunidad Región Municipio Parroquia Ciudad</Help>
        <Name>País Comunidad Región Municipio Parroquia Ciudad</Name>
        <IsTranslated>Y</IsTranslated>
        <IsActive>Y</IsActive>
        <AD_Org_ID reference="id">0</AD_Org_ID>
        <AD_Window_Trl_UU>da10110e-b997-4d1b-bf2f-636baf9be371</AD_Window_Trl_UU>
    </AD_Window_Trl>

    <AD_Tab_Trl type="table">
        <AD_Client_ID>0</AD_Client_ID>
        <AD_Org_ID>0</AD_Org_ID>
        <AD_Tab_ID reference="uuid" reference-key="AD_Tab">e0e4e136-99d7-4e20-9447-1b034ff4ecf4</AD_Tab_ID>
        <AD_Language>es_CO</AD_Language>
        <Name>Pais</Name>
        <Description>Mantain País Comunidad Región Municipio Parroquia y Ciudad</Description>
        <Help>Mantain País Comunidad Región Municipio Parroquia y Ciudad</Help>
        <IsTranslated>Y</IsTranslated>
        <IsActive>Y</IsActive>
        <AD_Org_ID reference="id">0</AD_Org_ID>
        <CommitWarning/>
        <AD_Tab_Trl_UU>d18a4602-204d-4843-9d42-18cce7253db7</AD_Tab_Trl_UU>
    </AD_Tab_Trl>
    <AD_Tab_Trl type="table">
        <AD_Client_ID>0</AD_Client_ID>
        <AD_Org_ID>0</AD_Org_ID>
        <AD_Tab_ID reference="uuid" reference-key="AD_Tab">e0e4e136-99d7-4e20-9447-1b034ff4ecf4</AD_Tab_ID>
        <AD_Language>es_VE</AD_Language>
        <Name>Pais</Name>
        <Description>Mantain País Comunidad Región Municipio Parroquia y Ciudad</Description>
        <Help>Mantain País Comunidad Región Municipio Parroquia y Ciudad</Help>
        <IsTranslated>Y</IsTranslated>
        <IsActive>Y</IsActive>
        <AD_Org_ID reference="id">0</AD_Org_ID>
        <CommitWarning/>
        <AD_Tab_Trl_UU>ef5a865e-1f75-462b-b362-70b2eef0331b</AD_Tab_Trl_UU>
    </AD_Tab_Trl>

    <AD_Tab_Trl type="table">
        <AD_Client_ID>0</AD_Client_ID>
        <AD_Org_ID>0</AD_Org_ID>
        <AD_Tab_ID reference="uuid" reference-key="AD_Tab">17eac422-b0a1-4fd4-9c3c-6a0397b91c2f</AD_Tab_ID>
        <AD_Language>es_CO</AD_Language>
        <Name>Ciudad</Name>
        <Description>Mantenimiento de Ciudad</Description>
        <Help>Mantenimiento de Ciudad</Help>
        <IsTranslated>Y</IsTranslated>
        <IsActive>Y</IsActive>
        <AD_Org_ID reference="id">0</AD_Org_ID>
        <CommitWarning/>
        <AD_Tab_Trl_UU>2f8b57bd-e713-4cf2-8205-74d0bd60d206</AD_Tab_Trl_UU>
    </AD_Tab_Trl>
    <AD_Tab_Trl type="table">
        <AD_Client_ID>0</AD_Client_ID>
        <AD_Org_ID>0</AD_Org_ID>
        <AD_Tab_ID reference="uuid" reference-key="AD_Tab">17eac422-b0a1-4fd4-9c3c-6a0397b91c2f</AD_Tab_ID>
        <AD_Language>es_VE</AD_Language>
        <Name>Ciudad</Name>
        <Description>Mantenimiento de Ciudad</Description>
        <Help>Mantenimiento de Ciudad</Help>
        <IsTranslated>Y</IsTranslated>
        <IsActive>Y</IsActive>
        <AD_Org_ID reference="id">0</AD_Org_ID>
        <CommitWarning/>
        <AD_Tab_Trl_UU>941abaac-5def-429f-928d-cd61d6b24224</AD_Tab_Trl_UU>
    </AD_Tab_Trl>

    <AD_Tab_Trl type="table">
        <AD_Client_ID>0</AD_Client_ID>
        <AD_Org_ID>0</AD_Org_ID>
        <AD_Tab_ID reference="uuid" reference-key="AD_Tab">d07aceb6-d0f2-4fbc-baea-d286d77cd6e6</AD_Tab_ID>
        <AD_Language>es_CO</AD_Language>
        <Name>Comunidad</Name>
        <Description>Mantenimiento de Comunidades del Pais</Description>
        <Help>Mantenimiento de Comunidades del Pais</Help>
        <IsTranslated>Y</IsTranslated>
        <IsActive>Y</IsActive>
        <AD_Org_ID reference="id">0</AD_Org_ID>
        <CommitWarning/>
        <AD_Tab_Trl_UU>6af9f253-4449-4579-b841-172e722a500c</AD_Tab_Trl_UU>
    </AD_Tab_Trl>
    <AD_Tab_Trl type="table">
        <AD_Client_ID>0</AD_Client_ID>
        <AD_Org_ID>0</AD_Org_ID>
        <AD_Tab_ID reference="uuid" reference-key="AD_Tab">d07aceb6-d0f2-4fbc-baea-d286d77cd6e6</AD_Tab_ID>
        <AD_Language>es_VE</AD_Language>
        <Name>Comunidad</Name>
        <Description>Mantenimiento de Comunidades del Pais</Description>
        <Help>Mantenimiento de Comunidades del Pais</Help>
        <IsTranslated>Y</IsTranslated>
        <IsActive>Y</IsActive>
        <AD_Org_ID reference="id">0</AD_Org_ID>
        <CommitWarning/>
        <AD_Tab_Trl_UU>9e3bbdd1-4ea6-422f-8ac7-3e594a20d11f</AD_Tab_Trl_UU>
    </AD_Tab_Trl>

    <AD_Tab_Trl type="table">
        <AD_Client_ID>0</AD_Client_ID>
        <AD_Org_ID>0</AD_Org_ID>
        <AD_Tab_ID reference="uuid" reference-key="AD_Tab">3100273c-e92e-49a4-8c21-d2a966005985</AD_Tab_ID>
        <AD_Language>es_VE</AD_Language>
        <Name>Ciudad</Name>
        <Description>Mantenimiento de Ciudad</Description>
        <Help>Mantenimiento de Ciudad</Help>
        <IsTranslated>Y</IsTranslated>
        <IsActive>Y</IsActive>
        <AD_Org_ID reference="id">0</AD_Org_ID>
        <CommitWarning/>
        <AD_Tab_Trl_UU>29526f47-c39d-4e55-b3a5-8c3dd4f5c616</AD_Tab_Trl_UU>
    </AD_Tab_Trl>
    <AD_Tab_Trl type="table">
        <AD_Client_ID>0</AD_Client_ID>
        <AD_Org_ID>0</AD_Org_ID>
        <AD_Tab_ID reference="uuid" reference-key="AD_Tab">3100273c-e92e-49a4-8c21-d2a966005985</AD_Tab_ID>
        <AD_Language>es_CO</AD_Language>
        <Name>Ciudad</Name>
        <Description>Mantenimiento de Ciudad</Description>
        <Help>Mantenimiento de Ciudad</Help>
        <IsTranslated>Y</IsTranslated>
        <IsActive>Y</IsActive>
        <AD_Org_ID reference="id">0</AD_Org_ID>
        <CommitWarning/>
        <AD_Tab_Trl_UU>f1a3c334-8ca3-4fd4-9678-00bee1cd6618</AD_Tab_Trl_UU>
    </AD_Tab_Trl>

    <AD_Tab_Trl type="table">
        <AD_Client_ID>0</AD_Client_ID>
        <AD_Org_ID>0</AD_Org_ID>
        <AD_Tab_ID reference="uuid" reference-key="AD_Tab">54190045-3506-4ee4-bd10-997a47df2113</AD_Tab_ID>
        <AD_Language>es_VE</AD_Language>
        <Name>Municipio</Name>
        <Description>Mantenimiento de Municipios</Description>
        <Help>Mantenimiento de Municipios</Help>
        <IsTranslated>Y</IsTranslated>
        <IsActive>Y</IsActive>
        <AD_Org_ID reference="id">0</AD_Org_ID>
        <CommitWarning/>
        <AD_Tab_Trl_UU>bc01986d-d2b7-49a7-a526-4c01fbf89803</AD_Tab_Trl_UU>
    </AD_Tab_Trl>
    <AD_Tab_Trl type="table">
        <AD_Client_ID>0</AD_Client_ID>
        <AD_Org_ID>0</AD_Org_ID>
        <AD_Tab_ID reference="uuid" reference-key="AD_Tab">54190045-3506-4ee4-bd10-997a47df2113</AD_Tab_ID>
        <AD_Language>es_CO</AD_Language>
        <Name>Municpio</Name>
        <Description>Mantenimiento de Municipios</Description>
        <Help>Mantenimiento de Municipios</Help>
        <IsTranslated>Y</IsTranslated>
        <IsActive>Y</IsActive>
        <AD_Org_ID reference="id">0</AD_Org_ID>
        <CommitWarning/>
        <AD_Tab_Trl_UU>01789f27-bd04-46e9-b924-36a17700afd1</AD_Tab_Trl_UU>
    </AD_Tab_Trl>

   <AD_Tab_Trl type="table">
        <AD_Client_ID>0</AD_Client_ID>
        <AD_Org_ID>0</AD_Org_ID>
        <AD_Tab_ID reference="uuid" reference-key="AD_Tab">54190045-3506-4ee4-bd10-997a47df2113</AD_Tab_ID>
        <AD_Language>es_VE</AD_Language>
        <Name>Municipio</Name>
        <Description>Mantenimiento de Municipios</Description>
        <Help>Mantenimiento de Municipios</Help>
        <IsTranslated>Y</IsTranslated>
        <IsActive>Y</IsActive>
        <AD_Org_ID reference="id">0</AD_Org_ID>
        <CommitWarning/>
        <AD_Tab_Trl_UU>bc01986d-d2b7-49a7-a526-4c01fbf89803</AD_Tab_Trl_UU>
    </AD_Tab_Trl>
    <AD_Tab_Trl type="table">
        <AD_Client_ID>0</AD_Client_ID>
        <AD_Org_ID>0</AD_Org_ID>
        <AD_Tab_ID reference="uuid" reference-key="AD_Tab">54190045-3506-4ee4-bd10-997a47df2113</AD_Tab_ID>
        <AD_Language>es_CO</AD_Language>
        <Name>Municipio</Name>
        <Description>Mantenimiento de Municipios</Description>
        <Help>Mantenimiento de Municipios</Help>
        <IsTranslated>Y</IsTranslated>
        <IsActive>Y</IsActive>
        <AD_Org_ID reference="id">0</AD_Org_ID>
        <CommitWarning/>
        <AD_Tab_Trl_UU>01789f27-bd04-46e9-b924-36a17700afd1</AD_Tab_Trl_UU>
    </AD_Tab_Trl>

    <AD_Tab_Trl type="table">
        <AD_Client_ID>0</AD_Client_ID>
        <AD_Org_ID>0</AD_Org_ID>
        <AD_Tab_ID reference="uuid" reference-key="AD_Tab">f8febf70-5f9f-4f29-b68d-b0a792f6da32</AD_Tab_ID>
        <AD_Language>es_VE</AD_Language>
        <Name>Parroquia</Name>
        <Description>Mantenimiento de Parroquia</Description>
        <Help/>
        <IsTranslated>Y</IsTranslated>
        <IsActive>Y</IsActive>
        <AD_Org_ID reference="id">0</AD_Org_ID>
        <CommitWarning/>
        <AD_Tab_Trl_UU>17d3fb5d-88f3-4bd2-91ad-1f63152a7156</AD_Tab_Trl_UU>
    </AD_Tab_Trl>
    <AD_Tab_Trl type="table">
        <AD_Client_ID>0</AD_Client_ID>
        <AD_Org_ID>0</AD_Org_ID>
        <AD_Tab_ID reference="uuid" reference-key="AD_Tab">f8febf70-5f9f-4f29-b68d-b0a792f6da32</AD_Tab_ID>
        <AD_Language>es_CO</AD_Language>
        <Name>Parroquia</Name>
        <Description>Mantenimiento de Parroquia</Description>
        <Help/>
        <IsTranslated>Y</IsTranslated>
        <IsActive>Y</IsActive>
        <AD_Org_ID reference="id">0</AD_Org_ID>
        <CommitWarning/>
        <AD_Tab_Trl_UU>a7bd591a-f60c-4f43-b6ee-f8debbfd6cf9</AD_Tab_Trl_UU>
    </AD_Tab_Trl>

    <AD_Field type="table">
        <AD_Client_ID>0</AD_Client_ID>
        <AD_Org_ID>0</AD_Org_ID>
        <Name>Capitalize</Name>
        <Description/>
        <Help/>
        <AD_Tab_ID reference="uuid" reference-key="AD_Tab">e0e4e136-99d7-4e20-9447-1b034ff4ecf4</AD_Tab_ID>
        <AD_Column_ID reference="uuid" reference-key="AD_Column">fbb3cfa7-a984-42ad-bce7-113ec741e728</AD_Column_ID>
        <IsDisplayed>Y</IsDisplayed>
        <DisplayLogic/>
        <DisplayLength>0</DisplayLength>
        <SeqNo>420</SeqNo>
        <SortNo>0</SortNo>
        <IsSameLine>N</IsSameLine>
        <IsHeading>N</IsHeading>
        <IsFieldOnly>N</IsFieldOnly>
        <IsEncrypted>N</IsEncrypted>
        <AD_Org_ID reference="id">0</AD_Org_ID>
        <IsActive>Y</IsActive>
        <IsReadOnly>N</IsReadOnly>
        <IsCentrallyMaintained>Y</IsCentrallyMaintained>
        <AD_FieldGroup_ID reference="id"/>
        <EntityType>IVS</EntityType>
        <ObscureType/>
        <AD_Reference_ID reference="id"/>
        <IsMandatory/>
        <DefaultValue/>
        <AD_Reference_Value_ID reference="id"/>
        <AD_Val_Rule_ID reference="id"/>
        <Included_Tab_ID reference="id"/>
        <AD_Field_UU>79cad0f3-8cec-4bf9-963e-7b0fc0d0d40b</AD_Field_UU>
        <IsAllowCopy/>
        <IsDisplayedGrid>Y</IsDisplayedGrid>
        <SeqNoGrid>420</SeqNoGrid>
        <XPosition>2</XPosition>
        <ColumnSpan>1</ColumnSpan>
        <NumLines>1</NumLines>
        <IsQuickEntry>N</IsQuickEntry>
        <IsUpdateable/>
        <IsAlwaysUpdateable/>
        <MandatoryLogic/>
        <ReadOnlyLogic/>
        <IsToolbarButton/>
        <IsDefaultFocus>N</IsDefaultFocus>
        <IsAdvancedField>N</IsAdvancedField>
        <VFormat/>
        <AD_LabelStyle_ID reference="id"/>
        <AD_FieldStyle_ID reference="id"/>
        <IsQuickForm>N</IsQuickForm>
        <Placeholder/>
        <IsSelectionColumn/>
        <AD_Val_Rule_Lookup_ID reference="id"/>
        <ColumnSQL/>
        <LIT_isQuickEntryPos>N</LIT_isQuickEntryPos>
        <AD_Field_Trl type="translation">
            <Description/>
            <Help/>
            <Name>Colocar en Mayusculas</Name>
            <Placeholder/>
            <AD_Language>es_CO</AD_Language>
            <IsActive>Y</IsActive>
            <IsTranslated>Y</IsTranslated>
        </AD_Field_Trl>
        <AD_Field_Trl type="translation">
            <Description/>
            <Help/>
            <Name>Colocar en Mayusculas</Name>
            <Placeholder/>
            <AD_Language>es_VE</AD_Language>
            <IsActive>Y</IsActive>
            <IsTranslated>Y</IsTranslated>
        </AD_Field_Trl>
    </AD_Field>
</idempiere>
