<?xml version="1.0" encoding="UTF-8"?><idempiere Name="AD_Column" Version="1.0.0" idempiereVersion="false" DataBaseVersion="2022-12-24" Description="" Author="AGOMEZ" AuthorEmail="albeddy.gomez@kpiactive.com" CreatedDate="Sat Mar 25 04:26:57 VET 2023" UpdatedDate="Sat Mar 25 04:26:57 VET 2023" PackOutVersion="100" UpdateDictionary="true" Client="0-SYSTEM-System" AD_Client_UU="11237b53-9592-4af1-b3c5-afd216514b5d">
    <AD_Column type="table">
        <AD_Column_ID>2968</AD_Column_ID>
        <IsSyncDatabase>Y</IsSyncDatabase>
        <AD_Table_ID reference="id">293</AD_Table_ID>
        <AD_Reference_Value_ID reference="id"/>
        <AD_Client_ID>0</AD_Client_ID>
        <AD_Org_ID>0</AD_Org_ID>
        <AD_Column_ID>2968</AD_Column_ID>
        <Version>0</Version>
        <Name>Sales Region</Name>
        <Description>Sales coverage region</Description>
        <Help>The Sales Region indicates a specific area of sales coverage.</Help>
        <AD_Val_Rule_ID reference="id"/>
        <ColumnName>C_SalesRegion_ID</ColumnName>
        <DefaultValue/>
        <FieldLength>22</FieldLength>
        <IsKey>N</IsKey>
        <IsParent>N</IsParent>
        <IsMandatory>N</IsMandatory>
        <IsTranslated>N</IsTranslated>
        <IsIdentifier>N</IsIdentifier>
        <SeqNo/>
        <IsEncrypted>N</IsEncrypted>
        <AD_Reference_ID reference="id">19</AD_Reference_ID>
        <AD_Org_ID reference="id">0</AD_Org_ID>
        <IsActive>Y</IsActive>
        <VFormat/>
        <Callout/>
        <AD_Element_ID reference="id">210</AD_Element_ID>
        <IsUpdateable>Y</IsUpdateable>
        <AD_Process_ID reference="id"/>
        <ValueMin/>
        <ValueMax/>
        <IsSelectionColumn>N</IsSelectionColumn>
        <ReadOnlyLogic/>
        <EntityType>D</EntityType>
        <IsAlwaysUpdateable>N</IsAlwaysUpdateable>
        <ColumnSQL/>
        <MandatoryLogic/>
        <IsAutocomplete>N</IsAutocomplete>
        <IsAllowLogging>Y</IsAllowLogging>
        <FormatPattern/>
        <AD_Chart_ID reference="id"/>
        <AD_Column_UU>4288a584-caf8-4f70-8dc0-96dc3075fc0c</AD_Column_UU>
        <IsAllowCopy>Y</IsAllowCopy>
        <SeqNoSelection/>
        <IsToolbarButton>N</IsToolbarButton>
        <IsSecure>N</IsSecure>
        <FKConstraintName>csalesregion_bpartnerlocation</FKConstraintName>
        <FKConstraintType>S</FKConstraintType>
        <PA_DashboardContent_ID reference="id"/>
        <Placeholder/>
        <IsHtml>N</IsHtml>
        <AD_Val_Rule_Lookup_ID reference="id"/>
        <AlwaysUpdatableLogic/>
        <AD_InfoWindow_ID reference="id"/>
    </AD_Column>
</idempiere>
